job_id,timestamp,register,num_bits,total_shots,unique_states,coherence,entanglement,interference,bit_balances,entropy,timestamp_dt,time_minutes,job_id_clean,phase
job-d30au7qiggks73ctos7g,20250909_225007,c_middle,5,8192,32,0.037841796875,0.9975610475291248,0.98583984375,"[0.919189453125, 0.931884765625, 0.99072265625, 0.95947265625, 0.982177734375]",4.987805237645624,2025-09-09 22:50:07,0.0,d30au7qiggks73ctos7g,Control
job-d30au7qiggks73ctos7g,20250909_225007,c_central,1,8192,2,0.516845703125,0.9991810356222915,0.96630859375,[0.96630859375],0.9991810356222915,2025-09-09 22:50:07,0.0,d30au7qiggks73ctos7g,Control
job-d30au7qiggks73ctos7g,20250909_225007,c_inner,5,8192,32,0.0374755859375,0.9973359828300854,0.985595703125,"[0.89013671875, 0.95361328125, 0.9658203125, 0.996337890625, 0.99560546875]",4.986679914150427,2025-09-09 22:50:07,0.0,d30au7qiggks73ctos7g,Control
job-d30au7qiggks73ctos7g,20250909_225007,c_outer,5,8192,32,0.0477294921875,0.992785830449626,0.970947265625,"[0.9443359375, 0.97509765625, 0.85693359375, 0.8818359375, 0.907470703125]",4.96392915224813,2025-09-09 22:50:07,0.0,d30au7qiggks73ctos7g,Control
job-d30av5g5l4ds73f0ftvg,20250909_225206,c_inner,5,8192,32,0.0462646484375,0.9901210872606694,0.9697265625,"[0.927001953125, 0.802490234375, 0.9814453125, 0.87548828125, 0.951171875]",4.950605436303347,2025-09-09 22:52:06,1.9833333333333334,d30av5g5l4ds73f0ftvg,Control
job-d30av5g5l4ds73f0ftvg,20250909_225206,c_central,1,8192,2,0.529052734375,0.997563181382883,0.94189453125,[0.94189453125],0.997563181382883,2025-09-09 22:52:06,1.9833333333333334,d30av5g5l4ds73f0ftvg,Control
job-d30av5g5l4ds73f0ftvg,20250909_225206,c_middle,5,8192,32,0.038330078125,0.9979785928417616,0.9852294921875,"[0.94970703125, 0.943603515625, 0.9326171875, 0.993408203125, 0.98095703125]",4.989892964208807,2025-09-09 22:52:06,1.9833333333333334,d30av5g5l4ds73f0ftvg,Control
job-d30av5g5l4ds73f0ftvg,20250909_225206,c_outer,5,8192,32,0.0440673828125,0.9915175546167504,0.97119140625,"[0.87548828125, 0.926025390625, 0.946533203125, 0.986572265625, 0.924560546875]",4.957587773083753,2025-09-09 22:52:06,1.9833333333333334,d30av5g5l4ds73f0ftvg,Control
job-d30avkiiggks73ctoth0,20250909_225306,c_central,1,8192,2,0.525634765625,0.9981030597254934,0.94873046875,[0.94873046875],0.9981030597254934,2025-09-09 22:53:06,2.9833333333333334,d30avkiiggks73ctoth0,Control
job-d30avkiiggks73ctoth0,20250909_225306,c_inner,5,8192,32,0.0374755859375,0.9970527184430118,0.9852294921875,"[0.881103515625, 0.967529296875, 0.9794921875, 0.982177734375, 0.97802734375]",4.985263592215059,2025-09-09 22:53:06,2.9833333333333334,d30avkiiggks73ctoth0,Control
job-d30avkiiggks73ctoth0,20250909_225306,c_outer,5,8192,32,0.0501708984375,0.9915423927639924,0.9696044921875,"[0.9609375, 0.972900390625, 0.8603515625, 0.861083984375, 0.8837890625]",4.957711963819962,2025-09-09 22:53:06,2.9833333333333334,d30avkiiggks73ctoth0,Control
job-d30avkiiggks73ctoth0,20250909_225306,c_middle,5,8192,32,0.0428466796875,0.9974718680518428,0.9810791015625,"[0.933349609375, 0.9052734375, 0.990234375, 0.974853515625, 0.98388671875]",4.987359340259214,2025-09-09 22:53:06,2.9833333333333334,d30avkiiggks73ctoth0,Control
job-d30b11g5l4ds73f0fvpg,20250909_225606,c_inner,5,8192,32,0.038818359375,0.9973370999798306,0.984619140625,"[0.899169921875, 0.960205078125, 0.957763671875, 0.95654296875, 0.9814453125]",4.986685499899153,2025-09-09 22:56:06,5.983333333333333,d30b11g5l4ds73f0fvpg,Control
job-d30b11g5l4ds73f0fvpg,20250909_225606,c_central,1,8192,2,0.51318359375,0.9994984404642332,0.9736328125,[0.9736328125],0.9994984404642332,2025-09-09 22:56:06,5.983333333333333,d30b11g5l4ds73f0fvpg,Control
job-d30b11g5l4ds73f0fvpg,20250909_225606,c_middle,5,8192,32,0.0389404296875,0.997684960953095,0.98486328125,"[0.92236328125, 0.920166015625, 0.969970703125, 0.984375, 0.987060546875]",4.988424804765475,2025-09-09 22:56:06,5.983333333333333,d30b11g5l4ds73f0fvpg,Control
job-d30b11g5l4ds73f0fvpg,20250909_225606,c_outer,5,8192,32,0.0531005859375,0.9885745506246524,0.9637451171875,"[0.958740234375, 0.968505859375, 0.836669921875, 0.86279296875, 0.833984375]",4.942872753123262,2025-09-09 22:56:06,5.983333333333333,d30b11g5l4ds73f0fvpg,Control
job-d30b1vtip27c738ic4dg,20250909_225807,c_middle,5,8192,32,0.036865234375,0.9987675723880868,0.989013671875,"[0.95751953125, 0.944580078125, 0.959228515625, 0.99560546875, 0.983154296875]",4.993837861940434,2025-09-09 22:58:07,8.0,d30b1vtip27c738ic4dg,Control
job-d30b1vtip27c738ic4dg,20250909_225807,c_inner,5,8192,32,0.0531005859375,0.987713344045384,0.963623046875,"[0.93115234375, 0.788330078125, 0.992431640625, 0.8388671875, 0.95703125]",4.938566720226921,2025-09-09 22:58:07,8.0,d30b1vtip27c738ic4dg,Control
job-d30b1vtip27c738ic4dg,20250909_225807,c_outer,5,8192,32,0.044921875,0.9911392307773792,0.9716796875,"[0.876953125, 0.93701171875, 0.937255859375, 0.998779296875, 0.91064453125]",4.955696153886897,2025-09-09 22:58:07,8.0,d30b1vtip27c738ic4dg,Control
job-d30b1vtip27c738ic4dg,20250909_225807,c_central,1,8192,2,0.5302734375,0.997353976688322,0.939453125,[0.939453125],0.997353976688322,2025-09-09 22:58:07,8.0,d30b1vtip27c738ic4dg,Control
job-d30b2eg5l4ds73f0g16g,20250909_225906,c_outer,5,8192,32,0.0509033203125,0.9913108426288224,0.9659423828125,"[0.992431640625, 0.9775390625, 0.8720703125, 0.845458984375, 0.88525390625]",4.956554213144112,2025-09-09 22:59:06,8.983333333333333,d30b2eg5l4ds73f0g16g,Control
job-d30b2eg5l4ds73f0g16g,20250909_225906,c_middle,5,8192,32,0.0426025390625,0.996859351482932,0.9825439453125,"[0.906494140625, 0.909423828125, 0.991943359375, 0.98828125, 0.969970703125]",4.98429675741466,2025-09-09 22:59:06,8.983333333333333,d30b2eg5l4ds73f0g16g,Control
job-d30b2eg5l4ds73f0g16g,20250909_225906,c_inner,5,8192,32,0.043701171875,0.9961785121476122,0.978515625,"[0.889404296875, 0.943115234375, 0.959228515625, 0.921875, 0.969970703125]",4.980892560738061,2025-09-09 22:59:06,8.983333333333333,d30b2eg5l4ds73f0g16g,Control
job-d30b2eg5l4ds73f0g16g,20250909_225906,c_central,1,8192,2,0.5146484375,0.9993807738581364,0.970703125,[0.970703125],0.9993807738581364,2025-09-09 22:59:06,8.983333333333333,d30b2eg5l4ds73f0g16g,Control
job-d30b3rlotchc73ba86qg,20250909_230206,c_central,1,8192,2,0.5157470703125,0.9992843908495156,0.968505859375,[0.968505859375],0.9992843908495156,2025-09-09 23:02:06,11.983333333333333,d30b3rlotchc73ba86qg,Control
job-d30b3rlotchc73ba86qg,20250909_230206,c_outer,5,8192,32,0.0594482421875,0.9776779303676584,0.955322265625,"[0.912353515625, 1.0, 0.67431640625, 0.857421875, 0.873779296875]",4.888389651838292,2025-09-09 23:02:06,11.983333333333333,d30b3rlotchc73ba86qg,Control
job-d30b3rlotchc73ba86qg,20250909_230206,c_middle,5,8192,32,0.043212890625,0.996639971233566,0.9794921875,"[0.8857421875, 0.93115234375, 0.990966796875, 0.99560546875, 0.98291015625]",4.98319985616783,2025-09-09 23:02:06,11.983333333333333,d30b3rlotchc73ba86qg,Control
job-d30b3rlotchc73ba86qg,20250909_230206,c_inner,5,8192,32,0.0380859375,0.9982769089307528,0.98583984375,"[0.93798828125, 0.95458984375, 0.975830078125, 0.98388671875, 0.958984375]",4.991384544653764,2025-09-09 23:02:06,11.983333333333333,d30b3rlotchc73ba86qg,Control
job-d30b4plotchc73ba87n0,20250909_230406,c_central,1,8192,2,0.5133056640625,0.999489108222217,0.973388671875,[0.973388671875],0.999489108222217,2025-09-09 23:04:06,13.983333333333333,d30b4plotchc73ba87n0,Control
job-d30b4plotchc73ba87n0,20250909_230406,c_middle,5,8192,32,0.037841796875,0.998485188184258,0.98779296875,"[0.96875, 0.923828125, 0.96630859375, 0.997314453125, 0.991943359375]",4.99242594092129,2025-09-09 23:04:06,13.983333333333333,d30b4plotchc73ba87n0,Control
job-d30b4plotchc73ba87n0,20250909_230406,c_outer,5,8192,32,0.044921875,0.9917747358345922,0.9730224609375,"[0.866943359375, 0.95703125, 0.9189453125, 0.98486328125, 0.919921875]",4.958873679172961,2025-09-09 23:04:06,13.983333333333333,d30b4plotchc73ba87n0,Control
job-d30b4plotchc73ba87n0,20250909_230406,c_inner,5,8192,32,0.054931640625,0.976466568454855,0.9578857421875,"[0.91259765625, 0.6591796875, 0.95458984375, 0.83251953125, 0.953125]",4.882332842274275,2025-09-09 23:04:06,13.983333333333333,d30b4plotchc73ba87n0,Control
job-d30b58lip27c738ic7g0,20250909_230506,c_central,1,8192,2,0.5133056640625,0.999489108222217,0.973388671875,[0.973388671875],0.999489108222217,2025-09-09 23:05:06,14.983333333333333,d30b58lip27c738ic7g0,Control
job-d30b58lip27c738ic7g0,20250909_230506,c_middle,5,8192,32,0.0384521484375,0.9976464755258944,0.9857177734375,"[0.89697265625, 0.94970703125, 0.989501953125, 0.9921875, 0.9775390625]",4.988232377629473,2025-09-09 23:05:06,14.983333333333333,d30b58lip27c738ic7g0,Control
job-d30b58lip27c738ic7g0,20250909_230506,c_outer,5,8192,32,0.0472412109375,0.9915769848311834,0.971923828125,"[0.96337890625, 1.0, 0.84814453125, 0.854248046875, 0.90576171875]",4.957884924155917,2025-09-09 23:05:06,14.983333333333333,d30b58lip27c738ic7g0,Control
job-d30b58lip27c738ic7g0,20250909_230506,c_inner,5,8192,32,0.0382080078125,0.997708229492766,0.98583984375,"[0.9169921875, 0.94140625, 0.96728515625, 0.99462890625, 0.970458984375]",4.98854114746383,2025-09-09 23:05:06,14.983333333333333,d30b58lip27c738ic7g0,Control
job-d30b6m5otchc73ba89dg,20250909_230808,c_middle,5,8192,32,0.0394287109375,0.9968667751374952,0.984375,"[0.875732421875, 0.960693359375, 0.9931640625, 0.96728515625, 0.984130859375]",4.984333875687476,2025-09-09 23:08:08,18.016666666666666,d30b6m5otchc73ba89dg,Control
job-d30b6m5otchc73ba89dg,20250909_230808,c_central,1,8192,2,0.5128173828125,0.9995259208877754,0.974365234375,[0.974365234375],0.9995259208877754,2025-09-09 23:08:08,18.016666666666666,d30b6m5otchc73ba89dg,Control
job-d30b6m5otchc73ba89dg,20250909_230808,c_inner,5,8192,32,0.0394287109375,0.9982637697004642,0.984619140625,"[0.958251953125, 0.93701171875, 0.971923828125, 0.99658203125, 0.95166015625]",4.9913188485023205,2025-09-09 23:08:08,18.016666666666666,d30b6m5otchc73ba89dg,Control
job-d30b6m5otchc73ba89dg,20250909_230808,c_outer,5,8192,32,0.0526123046875,0.9851196624856344,0.9635009765625,"[0.97607421875, 0.984619140625, 0.758544921875, 0.844482421875, 0.876953125]",4.925598312428172,2025-09-09 23:08:08,18.016666666666666,d30b6m5otchc73ba89dg,Control
job-d30b7jiiggks73ctp4s0,20250909_231006,c_inner,5,8192,32,0.0709228515625,0.957523422101298,0.9398193359375,"[0.903076171875, 0.51953125, 0.92431640625, 0.8291015625, 0.9501953125]",4.78761711050649,2025-09-09 23:10:06,19.983333333333334,d30b7jiiggks73ctp4s0,Control
job-d30b7jiiggks73ctp4s0,20250909_231006,c_central,1,8192,2,0.500244140625,0.9999998280173422,0.99951171875,[0.99951171875],0.9999998280173422,2025-09-09 23:10:06,19.983333333333334,d30b7jiiggks73ctp4s0,Control
job-d30b7jiiggks73ctp4s0,20250909_231006,c_middle,5,8192,32,0.0413818359375,0.9984542314643846,0.9835205078125,"[0.9609375, 0.935791015625, 0.961181640625, 0.984619140625, 0.99755859375]",4.992271157321923,2025-09-09 23:10:06,19.983333333333334,d30b7jiiggks73ctp4s0,Control
job-d30b7jiiggks73ctp4s0,20250909_231006,c_outer,5,8192,32,0.0426025390625,0.9909207037292106,0.9725341796875,"[0.86767578125, 0.93896484375, 0.912841796875, 0.9912109375, 0.928466796875]",4.954603518646053,2025-09-09 23:10:06,19.983333333333334,d30b7jiiggks73ctp4s0,Control
job-d30b82totchc73ba8an0,20250909_231107,c_outer,5,8192,32,0.048828125,0.9912785475361636,0.96923828125,"[0.973388671875, 0.9638671875, 0.865234375, 0.846435546875, 0.890625]",4.956392737680818,2025-09-09 23:11:07,21.0,d30b82totchc73ba8an0,Control
job-d30b82totchc73ba8an0,20250909_231107,c_central,1,8192,2,0.527099609375,0.9978799630920188,0.94580078125,[0.94580078125],0.9978799630920188,2025-09-09 23:11:07,21.0,d30b82totchc73ba8an0,Control
job-d30b82totchc73ba8an0,20250909_231107,c_inner,5,8192,32,0.0389404296875,0.9983442456972332,0.98583984375,"[0.929931640625, 0.945068359375, 0.976806640625, 0.9931640625, 0.9990234375]",4.991721228486166,2025-09-09 23:11:07,21.0,d30b82totchc73ba8an0,Control
job-d30b82totchc73ba8an0,20250909_231107,c_middle,5,8192,32,0.0364990234375,0.998787763473206,0.98974609375,"[0.9296875, 0.970703125, 0.990966796875, 0.990966796875, 0.988037109375]",4.993938817366029,2025-09-09 23:11:07,21.0,d30b82totchc73ba8an0,Control
job-d30b9fg5l4ds73f0g7jg,20250909_231406,c_central,1,8192,2,0.5201416015625,0.9988291262926628,0.959716796875,[0.959716796875],0.9988291262926628,2025-09-09 23:14:06,23.983333333333334,d30b9fg5l4ds73f0g7jg,Control
job-d30b9fg5l4ds73f0g7jg,20250909_231406,c_inner,5,8192,32,0.0418701171875,0.9979226634614696,0.9822998046875,"[0.91943359375, 0.957275390625, 0.98291015625, 0.983642578125, 0.965087890625]",4.989613317307349,2025-09-09 23:14:06,23.983333333333334,d30b9fg5l4ds73f0g7jg,Control
job-d30b9fg5l4ds73f0g7jg,20250909_231406,c_middle,5,8192,32,0.03955078125,0.9971821406125628,0.984130859375,"[0.904052734375, 0.94580078125, 0.95166015625, 0.997802734375, 0.966064453125]",4.985910703062814,2025-09-09 23:14:06,23.983333333333334,d30b9fg5l4ds73f0g7jg,Control
job-d30b9fg5l4ds73f0g7jg,20250909_231406,c_outer,5,8192,32,0.051025390625,0.9888994396216996,0.96630859375,"[0.9541015625, 0.979248046875, 0.8203125, 0.857421875, 0.868896484375]",4.944497198108499,2025-09-09 23:14:06,23.983333333333334,d30b9fg5l4ds73f0g7jg,Control
job-d30badlotchc73ba8csg,20250909_231606,c_outer,5,8192,32,0.0455322265625,0.9897212139847325,0.9697265625,"[0.867431640625, 0.931640625, 0.908935546875, 0.978759765625, 0.91650390625]",4.948606069923662,2025-09-09 23:16:06,25.983333333333334,d30badlotchc73ba8csg,Control
job-d30badlotchc73ba8csg,20250909_231606,c_middle,5,8192,32,0.0374755859375,0.9986829515722596,0.9881591796875,"[0.95361328125, 0.955810546875, 0.958984375, 0.972412109375, 0.986572265625]",4.993414757861299,2025-09-09 23:16:06,25.983333333333334,d30badlotchc73ba8csg,Control
job-d30badlotchc73ba8csg,20250909_231606,c_central,1,8192,2,0.50244140625,0.9999828016665732,0.9951171875,[0.9951171875],0.9999828016665732,2025-09-09 23:16:06,25.983333333333334,d30badlotchc73ba8csg,Control
job-d30badlotchc73ba8csg,20250909_231606,c_inner,5,8192,32,0.074462890625,0.9433776516743996,0.932861328125,"[0.911865234375, 0.4384765625, 0.8740234375, 0.831787109375, 0.99365234375]",4.716888258371998,2025-09-09 23:16:06,25.983333333333334,d30badlotchc73ba8csg,Control
job-d30baslip27c738iccog,20250909_231706,c_inner,5,8192,32,0.03857421875,0.9980268007182758,0.9844970703125,"[0.96044921875, 0.935546875, 0.97314453125, 0.989990234375, 0.9345703125]",4.990134003591379,2025-09-09 23:17:06,26.983333333333334,d30baslip27c738iccog,Control
job-d30baslip27c738iccog,20250909_231706,c_middle,5,8192,32,0.0396728515625,0.996531598085564,0.984130859375,"[0.869384765625, 0.946533203125, 0.96484375, 0.99169921875, 0.974853515625]",4.98265799042782,2025-09-09 23:17:06,26.983333333333334,d30baslip27c738iccog,Control
job-d30baslip27c738iccog,20250909_231706,c_outer,5,8192,32,0.047119140625,0.9899414293924744,0.9693603515625,"[0.931396484375, 0.994873046875, 0.827880859375, 0.843994140625, 0.90966796875]",4.949707146962372,2025-09-09 23:17:06,26.983333333333334,d30baslip27c738iccog,Control
job-d30baslip27c738iccog,20250909_231706,c_central,1,8192,2,0.5220947265625,0.9985909603108488,0.955810546875,[0.955810546875],0.9985909603108488,2025-09-09 23:17:06,26.983333333333334,d30baslip27c738iccog,Control
job-d30bc9g5l4ds73f0gaag,20250909_232006,c_central,1,8192,2,0.5145263671875,0.9993910527385944,0.970947265625,[0.970947265625],0.9993910527385944,2025-09-09 23:20:06,29.983333333333334,d30bc9g5l4ds73f0gaag,Control
job-d30bc9g5l4ds73f0gaag,20250909_232006,c_inner,5,8192,32,0.0413818359375,0.997497086515087,0.982421875,"[0.92138671875, 0.94384765625, 0.9736328125, 0.980224609375, 0.955322265625]",4.9874854325754345,2025-09-09 23:20:06,29.983333333333334,d30bc9g5l4ds73f0gaag,Control
job-d30bc9g5l4ds73f0gaag,20250909_232006,c_middle,5,8192,32,0.0386962890625,0.997343051900648,0.9849853515625,"[0.903076171875, 0.939453125, 0.98095703125, 0.985107421875, 0.970458984375]",4.98671525950324,2025-09-09 23:20:06,29.983333333333334,d30bc9g5l4ds73f0gaag,Control
job-d30bc9g5l4ds73f0gaag,20250909_232006,c_outer,5,8192,32,0.0570068359375,0.986461102567227,0.9578857421875,"[0.928955078125, 0.97607421875, 0.80126953125, 0.82958984375, 0.88134765625]",4.932305512836135,2025-09-09 23:20:06,29.983333333333334,d30bc9g5l4ds73f0gaag,Control
job-d30bd7iiggks73ctpa50,20250909_232206,c_central,1,8192,2,0.5028076171875,0.9999772551748952,0.994384765625,[0.994384765625],0.9999772551748952,2025-09-09 23:22:06,31.983333333333334,d30bd7iiggks73ctpa50,Control
job-d30bd7iiggks73ctpa50,20250909_232206,c_middle,5,8192,32,0.041748046875,0.9980666307003656,0.9832763671875,"[0.956298828125, 0.930419921875, 0.970458984375, 0.998779296875, 0.963134765625]",4.990333153501829,2025-09-09 23:22:06,31.983333333333334,d30bd7iiggks73ctpa50,Control
job-d30bd7iiggks73ctpa50,20250909_232206,c_inner,5,8192,32,0.062255859375,0.966057526841238,0.94921875,"[0.92041015625, 0.565185546875, 0.9208984375, 0.85205078125, 0.960205078125]",4.83028763420619,2025-09-09 23:22:06,31.983333333333334,d30bd7iiggks73ctpa50,Control
job-d30bd7iiggks73ctpa50,20250909_232206,c_outer,5,8192,32,0.044677734375,0.989551595095094,0.96923828125,"[0.870849609375, 0.932861328125, 0.92333984375, 0.998779296875, 0.904052734375]",4.94775797547547,2025-09-09 23:22:06,31.983333333333334,d30bd7iiggks73ctpa50,Control
job-d30bdmdotchc73ba8ftg,20250909_232305,c_inner,5,8192,32,0.0404052734375,0.9965064593339402,0.97998046875,"[0.944091796875, 0.89697265625, 0.966064453125, 0.975341796875, 0.93994140625]",4.982532296669701,2025-09-09 23:23:05,32.96666666666667,d30bdmdotchc73ba8ftg,Control
job-d30bdmdotchc73ba8ftg,20250909_232305,c_central,1,8192,2,0.5081787109375,0.99980698386213,0.983642578125,[0.983642578125],0.99980698386213,2025-09-09 23:23:05,32.96666666666667,d30bdmdotchc73ba8ftg,Control
job-d30bdmdotchc73ba8ftg,20250909_232305,c_outer,5,8192,32,0.0496826171875,0.989493689770976,0.9658203125,"[0.9951171875, 0.988525390625, 0.82373046875, 0.8505859375, 0.877197265625]",4.94746844885488,2025-09-09 23:23:05,32.96666666666667,d30bdmdotchc73ba8ftg,Control
job-d30bdmdotchc73ba8ftg,20250909_232305,c_middle,5,8192,32,0.0390625,0.9977670076829211,0.9862060546875,"[0.89990234375, 0.97412109375, 0.984619140625, 0.99658203125, 0.9697265625]",4.988835038414607,2025-09-09 23:23:05,32.96666666666667,d30bdmdotchc73ba8ftg,Control
job-d30bf42iggks73ctpc80,20250909_232608,c_middle,5,8192,32,0.0406494140625,0.9977937512906626,0.9827880859375,"[0.9404296875, 0.924072265625, 0.98779296875, 0.974853515625, 0.968505859375]",4.988968756453313,2025-09-09 23:26:08,36.016666666666666,d30bf42iggks73ctpc80,Control
job-d30bf42iggks73ctpc80,20250909_232608,c_inner,5,8192,32,0.039306640625,0.9970646706751656,0.9840087890625,"[0.8828125, 0.96923828125, 0.974853515625, 0.962158203125, 0.972412109375]",4.985323353375827,2025-09-09 23:26:08,36.016666666666666,d30bf42iggks73ctpc80,Control
job-d30bf42iggks73ctpc80,20250909_232608,c_central,1,8192,2,0.510498046875,0.999681980710428,0.97900390625,[0.97900390625],0.999681980710428,2025-09-09 23:26:08,36.016666666666666,d30bf42iggks73ctpc80,Control
job-d30bf42iggks73ctpc80,20250909_232608,c_outer,5,8192,32,0.0562744140625,0.9855853297339447,0.9615478515625,"[0.94873046875, 0.958251953125, 0.75390625, 0.859619140625, 0.894775390625]",4.927926648669724,2025-09-09 23:26:08,36.016666666666666,d30bf42iggks73ctpc80,Control
job-d30bggtotchc73ba8iog,20250909_232907,c_central,1,8192,2,0.5084228515625,0.9997952879670506,0.983154296875,[0.983154296875],0.9997952879670506,2025-09-09 23:29:07,39.0,d30bggtotchc73ba8iog,Control
job-d30bggtotchc73ba8iog,20250909_232907,c_inner,5,8192,32,0.0399169921875,0.9973784369359412,0.98095703125,"[0.92529296875, 0.9306640625, 0.977294921875, 0.96484375, 0.945556640625]",4.986892184679706,2025-09-09 23:29:07,39.0,d30bggtotchc73ba8iog,Control
job-d30bggtotchc73ba8iog,20250909_232907,c_middle,5,8192,32,0.040283203125,0.9974672538635456,0.984130859375,"[0.901611328125, 0.93603515625, 0.998046875, 0.984375, 0.97021484375]",4.987336269317728,2025-09-09 23:29:07,39.0,d30bggtotchc73ba8iog,Control
job-d30bggtotchc73ba8iog,20250909_232907,c_outer,5,8192,32,0.050048828125,0.9885958683843142,0.9671630859375,"[0.9775390625, 0.98779296875, 0.78857421875, 0.867431640625, 0.8828125]",4.942979341921571,2025-09-09 23:29:07,39.0,d30bggtotchc73ba8iog,Control
job-d30bhto5l4ds73f0gg1g,20250909_233207,c_central,1,8192,2,0.5128173828125,0.9995259208877754,0.974365234375,[0.974365234375],0.9995259208877754,2025-09-09 23:32:07,42.0,d30bhto5l4ds73f0gg1g,Control
job-d30bhto5l4ds73f0gg1g,20250909_233207,c_outer,5,8192,32,0.0560302734375,0.98223123112957,0.9591064453125,"[0.955810546875, 0.992919921875, 0.712890625, 0.859130859375, 0.879150390625]",4.91115615564785,2025-09-09 23:32:07,42.0,d30bhto5l4ds73f0gg1g,Control
job-d30bhto5l4ds73f0gg1g,20250909_233207,c_middle,5,8192,32,0.039794921875,0.9970582562169908,0.98388671875,"[0.88671875, 0.961669921875, 0.985107421875, 0.989501953125, 0.970703125]",4.985291281084954,2025-09-09 23:32:07,42.0,d30bhto5l4ds73f0gg1g,Control
job-d30bhto5l4ds73f0gg1g,20250909_233207,c_inner,5,8192,32,0.0391845703125,0.9979627105576772,0.9849853515625,"[0.928466796875, 0.9345703125, 0.956298828125, 0.987548828125, 0.980712890625]",4.9898135527883865,2025-09-09 23:32:07,42.0,d30bhto5l4ds73f0gg1g,Control
job-d30bjag5l4ds73f0gi40,20250909_233506,c_middle,5,8192,32,0.0421142578125,0.9974449372366412,0.9827880859375,"[0.8994140625, 0.956298828125, 0.984375, 0.964599609375, 0.986572265625]",4.987224686183206,2025-09-09 23:35:06,44.983333333333334,d30bjag5l4ds73f0gi40,Progressive Relaxation
job-d30bjag5l4ds73f0gi40,20250909_233506,c_outer,5,8192,32,0.0516357421875,0.988576775329232,0.9642333984375,"[0.9873046875, 0.963134765625, 0.834228515625, 0.836181640625, 0.859375]",4.94288387664616,2025-09-09 23:35:06,44.983333333333334,d30bjag5l4ds73f0gi40,Progressive Relaxation
job-d30bjag5l4ds73f0gi40,20250909_233506,c_central,1,8192,2,0.525146484375,0.9981746661076496,0.94970703125,[0.94970703125],0.9981746661076496,2025-09-09 23:35:06,44.983333333333334,d30bjag5l4ds73f0gi40,Progressive Relaxation
job-d30bjag5l4ds73f0gi40,20250909_233506,c_inner,5,8192,32,0.0384521484375,0.9973633361033044,0.9853515625,"[0.887939453125, 0.9521484375, 0.9892578125, 0.984619140625, 0.998291015625]",4.9868166805165215,2025-09-09 23:35:06,44.983333333333334,d30bjag5l4ds73f0gi40,Progressive Relaxation
job-d30bko05l4ds73f0gjug,20250909_233808,c_central,1,8192,2,0.50732421875,0.9998452100782274,0.9853515625,[0.9853515625],0.9998452100782274,2025-09-09 23:38:08,48.016666666666666,d30bko05l4ds73f0gjug,Progressive Relaxation
job-d30bko05l4ds73f0gjug,20250909_233808,c_inner,5,8192,32,0.039306640625,0.9972722075452058,0.98486328125,"[0.902099609375, 0.970947265625, 0.9462890625, 0.950927734375, 0.9921875]",4.986361037726029,2025-09-09 23:38:08,48.016666666666666,d30bko05l4ds73f0gjug,Progressive Relaxation
job-d30bko05l4ds73f0gjug,20250909_233808,c_middle,5,8192,32,0.0401611328125,0.9979040211392698,0.984130859375,"[0.955322265625, 0.915283203125, 0.995361328125, 0.95556640625, 0.989501953125]",4.989520105696349,2025-09-09 23:38:08,48.016666666666666,d30bko05l4ds73f0gjug,Progressive Relaxation
job-d30bko05l4ds73f0gjug,20250909_233808,c_outer,5,8192,32,0.048583984375,0.9923386631182272,0.971435546875,"[0.976806640625, 0.96240234375, 0.87451171875, 0.868896484375, 0.885498046875]",4.961693315591136,2025-09-09 23:38:08,48.016666666666666,d30bko05l4ds73f0gjug,Progressive Relaxation
job-d30bm4lotchc73ba8pu0,20250909_234106,c_central,1,8192,2,0.5166015625,0.9992046060381146,0.966796875,[0.966796875],0.9992046060381146,2025-09-09 23:41:06,50.983333333333334,d30bm4lotchc73ba8pu0,Progressive Relaxation
job-d30bm4lotchc73ba8pu0,20250909_234106,c_inner,5,8192,32,0.0419921875,0.9940039632808162,0.97705078125,"[0.824462890625, 0.947998046875, 0.954833984375, 0.98681640625, 0.969970703125]",4.970019816404081,2025-09-09 23:41:06,50.983333333333334,d30bm4lotchc73ba8pu0,Progressive Relaxation
job-d30bm4lotchc73ba8pu0,20250909_234106,c_outer,5,8192,32,0.056396484375,0.9856892539782628,0.9571533203125,"[0.92333984375, 0.96044921875, 0.783447265625, 0.830810546875, 0.8857421875]",4.928446269891315,2025-09-09 23:41:06,50.983333333333334,d30bm4lotchc73ba8pu0,Progressive Relaxation
job-d30bm4lotchc73ba8pu0,20250909_234106,c_middle,5,8192,32,0.040283203125,0.9977218687885095,0.982421875,"[0.912841796875, 0.95361328125, 0.990966796875, 0.972900390625, 0.97119140625]",4.988609343942548,2025-09-09 23:41:06,50.983333333333334,d30bm4lotchc73ba8pu0,Progressive Relaxation
job-d30bnhtip27c738icqc0,20250909_234407,c_inner,5,8192,32,0.041259765625,0.9971795090306044,0.9815673828125,"[0.923095703125, 0.921630859375, 0.97705078125, 0.98828125, 0.935791015625]",4.985897545153022,2025-09-09 23:44:07,54.0,d30bnhtip27c738icqc0,Phase 1
job-d30bnhtip27c738icqc0,20250909_234407,c_outer,5,8192,32,0.0557861328125,0.9885545837689752,0.9603271484375,"[0.85888671875, 0.99658203125, 0.8662109375, 0.83740234375, 0.89306640625]",4.942772918844876,2025-09-09 23:44:07,54.0,d30bnhtip27c738icqc0,Phase 1
job-d30bnhtip27c738icqc0,20250909_234407,c_middle,5,8192,32,0.0394287109375,0.997350079410063,0.985595703125,"[0.886962890625, 0.953369140625, 0.98974609375, 0.98681640625, 0.972900390625]",4.986750397050315,2025-09-09 23:44:07,54.0,d30bnhtip27c738icqc0,Phase 1
job-d30bnhtip27c738icqc0,20250909_234407,c_central,1,8192,2,0.505615234375,0.9999090192651704,0.98876953125,[0.98876953125],0.9999090192651704,2025-09-09 23:44:07,54.0,d30bnhtip27c738icqc0,Phase 1
job-d30bouo5l4ds73f0gnu0,20250909_234707,c_outer,5,8192,32,0.05029296875,0.9896144609285732,0.9666748046875,"[0.91748046875, 0.95849609375, 0.837890625, 0.8505859375, 0.899169921875]",4.948072304642866,2025-09-09 23:47:07,57.0,d30bouo5l4ds73f0gnu0,Phase 1
job-d30bouo5l4ds73f0gnu0,20250909_234707,c_inner,5,8192,32,0.0372314453125,0.9982112746924962,0.987060546875,"[0.926513671875, 0.944580078125, 0.985595703125, 0.993408203125, 0.97509765625]",4.991056373462481,2025-09-09 23:47:07,57.0,d30bouo5l4ds73f0gnu0,Phase 1
job-d30bouo5l4ds73f0gnu0,20250909_234707,c_central,1,8192,2,0.517333984375,0.9991328617106272,0.96533203125,[0.96533203125],0.9991328617106272,2025-09-09 23:47:07,57.0,d30bouo5l4ds73f0gnu0,Phase 1
job-d30bouo5l4ds73f0gnu0,20250909_234707,c_middle,5,8192,32,0.0379638671875,0.9977387206222994,0.98583984375,"[0.91162109375, 0.948486328125, 0.988525390625, 0.9794921875, 0.99169921875]",4.988693603111497,2025-09-09 23:47:07,57.0,d30bouo5l4ds73f0gnu0,Phase 1
job-d30bqc05l4ds73f0gp8g,20250909_235008,c_middle,5,8192,32,0.0411376953125,0.9976448717330396,0.9835205078125,"[0.8984375, 0.961669921875, 0.984130859375, 0.9833984375, 0.98681640625]",4.988224358665198,2025-09-09 23:50:08,60.016666666666666,d30bqc05l4ds73f0gp8g,Phase 1
job-d30bqc05l4ds73f0gp8g,20250909_235008,c_central,1,8192,2,0.5252685546875,0.9981568938315168,0.949462890625,[0.949462890625],0.9981568938315168,2025-09-09 23:50:08,60.016666666666666,d30bqc05l4ds73f0gp8g,Phase 1
job-d30bqc05l4ds73f0gp8g,20250909_235008,c_inner,5,8192,32,0.041015625,0.9978484766437524,0.9822998046875,"[0.926513671875, 0.975830078125, 0.9619140625, 0.972900390625, 0.990234375]",4.9892423832187625,2025-09-09 23:50:08,60.016666666666666,d30bqc05l4ds73f0gp8g,Phase 1
job-d30bqc05l4ds73f0gp8g,20250909_235008,c_outer,5,8192,32,0.04833984375,0.9919835763654364,0.9715576171875,"[0.9462890625, 0.9990234375, 0.86083984375, 0.872802734375, 0.883056640625]",4.959917881827182,2025-09-09 23:50:08,60.016666666666666,d30bqc05l4ds73f0gp8g,Phase 1
job-d30brotip27c738icuc0,20250909_235307,c_central,1,8192,2,0.5087890625,0.9997770990046064,0.982421875,[0.982421875],0.9997770990046064,2025-09-09 23:53:07,63.0,d30brotip27c738icuc0,Phase 2
job-d30brotip27c738icuc0,20250909_235307,c_inner,5,8192,32,0.040771484375,0.9975855084425116,0.9833984375,"[0.901611328125, 0.970703125, 0.985107421875, 0.982177734375, 0.965576171875]",4.987927542212558,2025-09-09 23:53:07,63.0,d30brotip27c738icuc0,Phase 2
job-d30brotip27c738icuc0,20250909_235307,c_middle,5,8192,32,0.038330078125,0.9979690460559356,0.98681640625,"[0.91015625, 0.93994140625, 0.983154296875, 0.980224609375, 0.99609375]",4.989845230279678,2025-09-09 23:53:07,63.0,d30brotip27c738icuc0,Phase 2
job-d30brotip27c738icuc0,20250909_235307,c_outer,5,8192,32,0.046142578125,0.9910972944819452,0.9716796875,"[0.9814453125, 0.944091796875, 0.839599609375, 0.8642578125, 0.9013671875]",4.955486472409725,2025-09-09 23:53:07,63.0,d30brotip27c738icuc0,Phase 2
job-d30bt5o5l4ds73f0gs00,20250909_235607,c_outer,5,8192,32,0.055419921875,0.9855627044600728,0.9598388671875,"[0.90625, 0.931640625, 0.7880859375, 0.841064453125, 0.8896484375]",4.927813522300363,2025-09-09 23:56:07,66.0,d30bt5o5l4ds73f0gs00,Phase 2
job-d30bt5o5l4ds73f0gs00,20250909_235607,c_middle,5,8192,32,0.0401611328125,0.9976424293457004,0.985595703125,"[0.908203125, 0.937255859375, 0.983154296875, 0.981201171875, 0.991455078125]",4.988212146728502,2025-09-09 23:56:07,66.0,d30bt5o5l4ds73f0gs00,Phase 2
job-d30bt5o5l4ds73f0gs00,20250909_235607,c_central,1,8192,2,0.517333984375,0.9991328617106272,0.96533203125,[0.96533203125],0.9991328617106272,2025-09-09 23:56:07,66.0,d30bt5o5l4ds73f0gs00,Phase 2
job-d30bt5o5l4ds73f0gs00,20250909_235607,c_inner,5,8192,32,0.0389404296875,0.99738705982536,0.9857177734375,"[0.892822265625, 0.98095703125, 0.949951171875, 0.996337890625, 0.98828125]",4.9869352991268,2025-09-09 23:56:07,66.0,d30bt5o5l4ds73f0gs00,Phase 2
job-d30buiiiggks73ctpt0g,20250909_235906,c_central,1,8192,2,0.5233154296875,0.9984309062904124,0.953369140625,[0.953369140625],0.9984309062904124,2025-09-09 23:59:06,68.98333333333333,d30buiiiggks73ctpt0g,Phase 2
job-d30buiiiggks73ctpt0g,20250909_235906,c_inner,5,8192,32,0.038818359375,0.9973187412519168,0.9842529296875,"[0.879150390625, 0.97265625, 0.981689453125, 0.99853515625, 0.994140625]",4.986593706259583,2025-09-09 23:59:06,68.98333333333333,d30buiiiggks73ctpt0g,Phase 2
job-d30buiiiggks73ctpt0g,20250909_235906,c_outer,5,8192,32,0.050537109375,0.9897715837817432,0.966796875,"[0.94775390625, 0.934326171875, 0.825439453125, 0.86865234375, 0.892333984375]",4.9488579189087165,2025-09-09 23:59:06,68.98333333333333,d30buiiiggks73ctpt0g,Phase 2
job-d30buiiiggks73ctpt0g,20250909_235906,c_middle,5,8192,32,0.0380859375,0.9986709865817678,0.9869384765625,"[0.949951171875, 0.943115234375, 0.963623046875, 0.992919921875, 0.99169921875]",4.993354932908839,2025-09-09 23:59:06,68.98333333333333,d30buiiiggks73ctpt0g,Phase 2
job-d30bvvlotchc73ba93jg,20250910_000206,c_middle,5,8192,32,0.0372314453125,0.99831663317541,0.986572265625,"[0.9267578125, 0.9697265625, 0.99267578125, 0.998779296875, 0.968017578125]",4.991583165877049,2025-09-10 00:02:06,71.98333333333333,d30bvvlotchc73ba93jg,Phase 2
job-d30bvvlotchc73ba93jg,20250910_000206,c_central,1,8192,2,0.5205078125,0.9987861499422316,0.958984375,[0.958984375],0.9987861499422316,2025-09-10 00:02:06,71.98333333333333,d30bvvlotchc73ba93jg,Phase 2
job-d30bvvlotchc73ba93jg,20250910_000206,c_outer,5,8192,32,0.0509033203125,0.9857697122469314,0.9647216796875,"[0.953857421875, 0.9697265625, 0.76171875, 0.8486328125, 0.892578125]",4.928848561234657,2025-09-10 00:02:06,71.98333333333333,d30bvvlotchc73ba93jg,Phase 2
job-d30bvvlotchc73ba93jg,20250910_000206,c_inner,5,8192,32,0.038330078125,0.9985916053349884,0.984375,"[0.9248046875, 0.989501953125, 0.975341796875, 0.9951171875, 0.979248046875]",4.992958026674942,2025-09-10 00:02:06,71.98333333333333,d30bvvlotchc73ba93jg,Phase 2
job-d30c1cqiggks73ctpvm0,20250910_000507,c_inner,5,8192,32,0.0367431640625,0.9987693943763848,0.98876953125,"[0.94384765625, 0.997314453125, 0.965576171875, 0.96875, 0.995849609375]",4.993846971881924,2025-09-10 00:05:07,75.0,d30c1cqiggks73ctpvm0,Phase 3
job-d30c1cqiggks73ctpvm0,20250910_000507,c_middle,5,8192,32,0.0377197265625,0.9991829229274368,0.989990234375,"[0.9814453125, 0.949462890625, 0.981201171875, 0.99072265625, 0.99755859375]",4.995914614637184,2025-09-10 00:05:07,75.0,d30c1cqiggks73ctpvm0,Phase 3
job-d30c1cqiggks73ctpvm0,20250910_000507,c_central,1,8192,2,0.5125732421875,0.9995438109289554,0.974853515625,[0.974853515625],0.9995438109289554,2025-09-10 00:05:07,75.0,d30c1cqiggks73ctpvm0,Phase 3
job-d30c1cqiggks73ctpvm0,20250910_000507,c_outer,5,8192,32,0.0482177734375,0.9896528738210716,0.9697265625,"[0.9853515625, 0.927001953125, 0.85107421875, 0.8515625, 0.87109375]",4.948264369105358,2025-09-10 00:05:07,75.0,d30c1cqiggks73ctpvm0,Phase 3
job-d30c2ptip27c738id5ag,20250910_000807,c_outer,5,8192,32,0.0572509765625,0.9829099075806852,0.9595947265625,"[0.956298828125, 0.919189453125, 0.7412109375, 0.863037109375, 0.858154296875]",4.914549537903427,2025-09-10 00:08:07,78.0,d30c2ptip27c738id5ag,Phase 3
job-d30c2ptip27c738id5ag,20250910_000807,c_middle,5,8192,32,0.0384521484375,0.9985310996299924,0.9862060546875,"[0.942626953125, 0.9423828125, 0.992919921875, 0.98486328125, 0.98193359375]",4.992655498149961,2025-09-10 00:08:07,78.0,d30c2ptip27c738id5ag,Phase 3
job-d30c2ptip27c738id5ag,20250910_000807,c_central,1,8192,2,0.509521484375,0.9997383985757424,0.98095703125,[0.98095703125],0.9997383985757424,2025-09-10 00:08:07,78.0,d30c2ptip27c738id5ag,Phase 3
job-d30c2ptip27c738id5ag,20250910_000807,c_inner,5,8192,32,0.03857421875,0.9987322905058112,0.9874267578125,"[0.94970703125, 0.9658203125, 0.970947265625, 0.971435546875, 0.9873046875]",4.993661452529056,2025-09-10 00:08:07,78.0,d30c2ptip27c738id5ag,Phase 3
job-d30c46lotchc73ba97h0,20250910_001106,c_central,1,8192,2,0.5098876953125,0.999717887067778,0.980224609375,[0.980224609375],0.999717887067778,2025-09-10 00:11:06,80.98333333333333,d30c46lotchc73ba97h0,Phase 3
job-d30c46lotchc73ba97h0,20250910_001106,c_inner,5,8192,32,0.03759765625,0.9985687791390208,0.9871826171875,"[0.92822265625, 0.98095703125, 0.975830078125, 0.99755859375, 0.998291015625]",4.9928438956951045,2025-09-10 00:11:06,80.98333333333333,d30c46lotchc73ba97h0,Phase 3
job-d30c46lotchc73ba97h0,20250910_001106,c_middle,5,8192,32,0.035888671875,0.9987644085421864,0.9896240234375,"[0.9677734375, 0.9462890625, 0.980224609375, 0.97607421875, 0.98193359375]",4.993822042710931,2025-09-10 00:11:06,80.98333333333333,d30c46lotchc73ba97h0,Phase 3
job-d30c46lotchc73ba97h0,20250910_001106,c_outer,5,8192,32,0.04931640625,0.9899429910577846,0.967041015625,"[0.967041015625, 0.93994140625, 0.827392578125, 0.86572265625, 0.8798828125]",4.949714955288923,2025-09-10 00:11:06,80.98333333333333,d30c46lotchc73ba97h0,Phase 3
job-d30c5jtip27c738id7tg,20250910_001407,c_central,1,8192,2,0.5003662109375,0.999999613039001,0.999267578125,[0.999267578125],0.999999613039001,2025-09-10 00:14:07,84.0,d30c5jtip27c738id7tg,Phase 4
job-d30c5jtip27c738id7tg,20250910_001407,c_inner,5,8192,32,0.0394287109375,0.9971347164414136,0.9840087890625,"[0.888671875, 0.943603515625, 0.9873046875, 0.991943359375, 0.96728515625]",4.985673582207069,2025-09-10 00:14:07,84.0,d30c5jtip27c738id7tg,Phase 4
job-d30c5jtip27c738id7tg,20250910_001407,c_middle,5,8192,32,0.0367431640625,0.9983018737728138,0.9886474609375,"[0.91796875, 0.9453125, 0.9951171875, 0.985107421875, 0.994873046875]",4.991509368864069,2025-09-10 00:14:07,84.0,d30c5jtip27c738id7tg,Phase 4
job-d30c5jtip27c738id7tg,20250910_001407,c_outer,5,8192,32,0.051025390625,0.9906247915700164,0.968017578125,"[0.947265625, 0.955078125, 0.86572265625, 0.85595703125, 0.86962890625]",4.9531239578500825,2025-09-10 00:14:07,84.0,d30c5jtip27c738id7tg,Phase 4
job-d30c70iiggks73ctq4q0,20250910_001706,c_inner,5,8192,32,0.0380859375,0.9975764733692222,0.9854736328125,"[0.8896484375, 0.97705078125, 0.98779296875, 0.98828125, 0.976318359375]",4.987882366846111,2025-09-10 00:17:06,86.98333333333333,d30c70iiggks73ctq4q0,Phase 4
job-d30c70iiggks73ctq4q0,20250910_001706,c_outer,5,8192,32,0.0516357421875,0.9906026846837712,0.9644775390625,"[0.985107421875, 0.954345703125, 0.832275390625, 0.85498046875, 0.91845703125]",4.953013423418857,2025-09-10 00:17:06,86.98333333333333,d30c70iiggks73ctq4q0,Phase 4
job-d30c70iiggks73ctq4q0,20250910_001706,c_central,1,8192,2,0.50732421875,0.9998452100782274,0.9853515625,[0.9853515625],0.9998452100782274,2025-09-10 00:17:06,86.98333333333333,d30c70iiggks73ctq4q0,Phase 4
job-d30c70iiggks73ctq4q0,20250910_001706,c_middle,5,8192,32,0.0380859375,0.99785867101984,0.986572265625,"[0.92041015625, 0.944091796875, 0.999267578125, 0.97119140625, 0.960693359375]",4.9892933550992,2025-09-10 00:17:06,86.98333333333333,d30c70iiggks73ctq4q0,Phase 4
job-d30c8dg5l4ds73f0h6p0,20250910_002006,c_inner,5,8192,32,0.0399169921875,0.9977464565384072,0.984619140625,"[0.90380859375, 0.958740234375, 0.98828125, 0.984375, 0.967529296875]",4.988732282692037,2025-09-10 00:20:06,89.98333333333333,d30c8dg5l4ds73f0h6p0,Phase 4
job-d30c8dg5l4ds73f0h6p0,20250910_002006,c_middle,5,8192,32,0.039306640625,0.998338581655583,0.985595703125,"[0.918212890625, 0.96728515625, 0.9951171875, 0.984375, 0.99462890625]",4.991692908277915,2025-09-10 00:20:06,89.98333333333333,d30c8dg5l4ds73f0h6p0,Phase 4
job-d30c8dg5l4ds73f0h6p0,20250910_002006,c_outer,5,8192,32,0.05322265625,0.9845159788316304,0.9644775390625,"[0.948486328125, 0.962890625, 0.7373046875, 0.86474609375, 0.897705078125]",4.922579894158152,2025-09-10 00:20:06,89.98333333333333,d30c8dg5l4ds73f0h6p0,Phase 4
job-d30c8dg5l4ds73f0h6p0,20250910_002006,c_central,1,8192,2,0.507568359375,0.9998347183606217,0.98486328125,[0.98486328125],0.9998347183606217,2025-09-10 00:20:06,89.98333333333333,d30c8dg5l4ds73f0h6p0,Phase 4
job-d30c9qg5l4ds73f0h84g,20250910_002306,c_outer,5,8192,32,0.051513671875,0.9897009805755824,0.96484375,"[0.970703125, 0.952880859375, 0.825439453125, 0.8525390625, 0.881591796875]",4.948504902877912,2025-09-10 00:23:06,92.98333333333333,d30c9qg5l4ds73f0h84g,Phase 5
job-d30c9qg5l4ds73f0h84g,20250910_002306,c_middle,5,8192,32,0.0369873046875,0.9981330898134566,0.986328125,"[0.97119140625, 0.9111328125, 0.990478515625, 0.976318359375, 0.99169921875]",4.990665449067283,2025-09-10 00:23:06,92.98333333333333,d30c9qg5l4ds73f0h84g,Phase 5
job-d30c9qg5l4ds73f0h84g,20250910_002306,c_inner,5,8192,32,0.0390625,0.9974626314387562,0.98388671875,"[0.909423828125, 0.96630859375, 0.966064453125, 0.982177734375, 0.955078125]",4.987313157193781,2025-09-10 00:23:06,92.98333333333333,d30c9qg5l4ds73f0h84g,Phase 5
job-d30c9qg5l4ds73f0h84g,20250910_002306,c_central,1,8192,2,0.5218505859375,0.9986219371396198,0.956298828125,[0.956298828125],0.9986219371396198,2025-09-10 00:23:06,92.98333333333333,d30c9qg5l4ds73f0h84g,Phase 5
job-d30cb85otchc73ba9e70,20250910_002608,c_middle,5,8192,32,0.0386962890625,0.998387979746218,0.9864501953125,"[0.922607421875, 0.952392578125, 0.9921875, 0.9658203125, 0.990478515625]",4.99193989873109,2025-09-10 00:26:08,96.01666666666667,d30cb85otchc73ba9e70,Phase 5
job-d30cb85otchc73ba9e70,20250910_002608,c_central,1,8192,2,0.5111083984375,0.9996439236212872,0.977783203125,[0.977783203125],0.9996439236212872,2025-09-10 00:26:08,96.01666666666667,d30cb85otchc73ba9e70,Phase 5
job-d30cb85otchc73ba9e70,20250910_002608,c_outer,5,8192,32,0.05078125,0.9913246777191784,0.96728515625,"[0.94140625, 0.988037109375, 0.87939453125, 0.853515625, 0.872802734375]",4.956623388595893,2025-09-10 00:26:08,96.01666666666667,d30cb85otchc73ba9e70,Phase 5
job-d30cb85otchc73ba9e70,20250910_002608,c_inner,5,8192,32,0.04541015625,0.9981692396849736,0.9796142578125,"[0.958251953125, 0.965087890625, 0.9580078125, 0.9921875, 0.9482421875]",4.990846198424868,2025-09-10 00:26:08,96.01666666666667,d30cb85otchc73ba9e70,Phase 5
job-d30cckqiggks73ctqa9g,20250910_002907,c_central,1,8192,2,0.509033203125,0.999764542941324,0.98193359375,[0.98193359375],0.999764542941324,2025-09-10 00:29:07,99.0,d30cckqiggks73ctqa9g,Phase 5
job-d30cckqiggks73ctqa9g,20250910_002907,c_middle,5,8192,32,0.0380859375,0.998681467784996,0.988525390625,"[0.936767578125, 0.978271484375, 0.984375, 0.98291015625, 0.998779296875]",4.99340733892498,2025-09-10 00:29:07,99.0,d30cckqiggks73ctqa9g,Phase 5
job-d30cckqiggks73ctqa9g,20250910_002907,c_outer,5,8192,32,0.050537109375,0.9909166219030004,0.96923828125,"[0.982177734375, 0.9814453125, 0.850830078125, 0.841552734375, 0.88916015625]",4.954583109515002,2025-09-10 00:29:07,99.0,d30cckqiggks73ctqa9g,Phase 5
job-d30cckqiggks73ctqa9g,20250910_002907,c_inner,5,8192,32,0.04052734375,0.9973068723649996,0.98291015625,"[0.949462890625, 0.949951171875, 0.970458984375, 0.909912109375, 0.971435546875]",4.986534361824998,2025-09-10 00:29:07,99.0,d30cckqiggks73ctqa9g,Phase 5
job-d30ce1lotchc73ba9gtg,20250910_003206,c_central,1,8192,2,0.5186767578125,0.9989932803450594,0.962646484375,[0.962646484375],0.9989932803450594,2025-09-10 00:32:06,101.98333333333333,d30ce1lotchc73ba9gtg,Phase 5
job-d30ce1lotchc73ba9gtg,20250910_003206,c_inner,5,8192,32,0.03857421875,0.9980608953510016,0.986328125,"[0.924072265625, 0.958740234375, 0.97216796875, 0.963623046875, 0.96728515625]",4.990304476755008,2025-09-10 00:32:06,101.98333333333333,d30ce1lotchc73ba9gtg,Phase 5
job-d30ce1lotchc73ba9gtg,20250910_003206,c_middle,5,8192,32,0.038818359375,0.9982030271407744,0.986083984375,"[0.93310546875, 0.939453125, 0.99609375, 0.987548828125, 0.958251953125]",4.991015135703872,2025-09-10 00:32:06,101.98333333333333,d30ce1lotchc73ba9gtg,Phase 5
job-d30ce1lotchc73ba9gtg,20250910_003206,c_outer,5,8192,32,0.05419921875,0.9827625548031332,0.9610595703125,"[0.947509765625, 0.999755859375, 0.729736328125, 0.8544921875, 0.8681640625]",4.913812774015666,2025-09-10 00:32:06,101.98333333333333,d30ce1lotchc73ba9gtg,Phase 5
job-d30cfelotchc73ba9icg,20250910_003506,c_outer,5,8192,32,0.0521240234375,0.9905744539319936,0.9669189453125,"[0.958740234375, 0.9765625, 0.868408203125, 0.81982421875, 0.908447265625]",4.952872269659967,2025-09-10 00:35:06,104.98333333333333,d30cfelotchc73ba9icg,Phase 6
job-d30cfelotchc73ba9icg,20250910_003506,c_central,1,8192,2,0.5185546875,0.9990064000866056,0.962890625,[0.962890625],0.9990064000866056,2025-09-10 00:35:06,104.98333333333333,d30cfelotchc73ba9icg,Phase 6
job-d30cfelotchc73ba9icg,20250910_003506,c_inner,5,8192,32,0.0386962890625,0.9979652972287812,0.9857177734375,"[0.9111328125, 0.9638671875, 0.9873046875, 0.9833984375, 0.952392578125]",4.989826486143906,2025-09-10 00:35:06,104.98333333333333,d30cfelotchc73ba9icg,Phase 6
job-d30cfelotchc73ba9icg,20250910_003506,c_middle,5,8192,32,0.037841796875,0.9985356805077794,0.986328125,"[0.943115234375, 0.93408203125, 0.983642578125, 0.972900390625, 0.998291015625]",4.992678402538897,2025-09-10 00:35:06,104.98333333333333,d30cfelotchc73ba9icg,Phase 6
job-d30cgsdip27c738idji0,20250910_003809,c_outer,5,8192,32,0.0513916015625,0.9895874822457184,0.9642333984375,"[0.931884765625, 0.967529296875, 0.83203125, 0.848876953125, 0.891845703125]",4.947937411228592,2025-09-10 00:38:09,108.03333333333333,d30cgsdip27c738idji0,Phase 6
job-d30cgsdip27c738idji0,20250910_003809,c_middle,5,8192,32,0.0389404296875,0.9977903559849248,0.98486328125,"[0.926513671875, 0.9404296875, 0.99169921875, 0.94580078125, 0.996826171875]",4.988951779924624,2025-09-10 00:38:09,108.03333333333333,d30cgsdip27c738idji0,Phase 6
job-d30cgsdip27c738idji0,20250910_003809,c_central,1,8192,2,0.5186767578125,0.9989932803450594,0.962646484375,[0.962646484375],0.9989932803450594,2025-09-10 00:38:09,108.03333333333333,d30cgsdip27c738idji0,Phase 6
job-d30cgsdip27c738idji0,20250910_003809,c_inner,5,8192,32,0.037841796875,0.997392301194148,0.986083984375,"[0.888916015625, 0.962158203125, 0.97998046875, 0.9921875, 0.9814453125]",4.986961505970741,2025-09-10 00:38:09,108.03333333333333,d30cgsdip27c738idji0,Phase 6
job-d30ci8qiggks73ctqgng,20250910_004107,c_outer,5,8192,32,0.0489501953125,0.9919686328792712,0.9696044921875,"[0.922119140625, 0.978271484375, 0.897216796875, 0.8505859375, 0.88671875]",4.959843164396356,2025-09-10 00:41:07,111.0,d30ci8qiggks73ctqgng,Phase 6
job-d30ci8qiggks73ctqgng,20250910_004107,c_middle,5,8192,32,0.0399169921875,0.9979042858307612,0.9854736328125,"[0.9189453125, 0.93994140625, 0.986328125, 0.9755859375, 0.987548828125]",4.989521429153806,2025-09-10 00:41:07,111.0,d30ci8qiggks73ctqgng,Phase 6
job-d30ci8qiggks73ctqgng,20250910_004107,c_inner,5,8192,32,0.0394287109375,0.998066681482608,0.9857177734375,"[0.916015625, 0.979736328125, 0.960693359375, 0.974609375, 0.974609375]",4.99033340741304,2025-09-10 00:41:07,111.0,d30ci8qiggks73ctqgng,Phase 6
job-d30ci8qiggks73ctqgng,20250910_004107,c_central,1,8192,2,0.5174560546875,0.9991206029993308,0.965087890625,[0.965087890625],0.9991206029993308,2025-09-10 00:41:07,111.0,d30ci8qiggks73ctqgng,Phase 6
job-d30cjliiggks73ctqhv0,20250910_004407,c_inner,5,8192,32,0.0390625,0.9981033209080205,0.9849853515625,"[0.945556640625, 0.939208984375, 0.992919921875, 0.993896484375, 0.95361328125]",4.990516604540102,2025-09-10 00:44:07,114.0,d30cjliiggks73ctqhv0,Phase 7
job-d30cjliiggks73ctqhv0,20250910_004407,c_middle,5,8192,32,0.04150390625,0.9980128171163486,0.9840087890625,"[0.916015625, 0.9609375, 0.9794921875, 0.96337890625, 0.99560546875]",4.990064085581743,2025-09-10 00:44:07,114.0,d30cjliiggks73ctqhv0,Phase 7
job-d30cjliiggks73ctqhv0,20250910_004407,c_outer,5,8192,32,0.047607421875,0.9916193934578332,0.9720458984375,"[0.9541015625, 0.996337890625, 0.87255859375, 0.851806640625, 0.881103515625]",4.9580969672891655,2025-09-10 00:44:07,114.0,d30cjliiggks73ctqhv0,Phase 7
job-d30cjliiggks73ctqhv0,20250910_004407,c_central,1,8192,2,0.521240234375,0.998697871515852,0.95751953125,[0.95751953125],0.998697871515852,2025-09-10 00:44:07,114.0,d30cjliiggks73ctqhv0,Phase 7
job-d30cl2lip27c738idnlg,20250910_004706,c_middle,5,8192,32,0.0404052734375,0.9979048201761114,0.9854736328125,"[0.90380859375, 0.95654296875, 0.981201171875, 0.986328125, 0.983642578125]",4.989524100880557,2025-09-10 00:47:06,116.98333333333333,d30cl2lip27c738idnlg,Phase 7
job-d30cl2lip27c738idnlg,20250910_004706,c_central,1,8192,2,0.517822265625,0.9990833102819416,0.96435546875,[0.96435546875],0.9990833102819416,2025-09-10 00:47:06,116.98333333333333,d30cl2lip27c738idnlg,Phase 7
job-d30cl2lip27c738idnlg,20250910_004706,c_inner,5,8192,32,0.0386962890625,0.9980279377438158,0.9857177734375,"[0.90673828125, 0.96142578125, 0.99560546875, 0.992919921875, 0.968994140625]",4.990139688719079,2025-09-10 00:47:06,116.98333333333333,d30cl2lip27c738idnlg,Phase 7
job-d30cl2lip27c738idnlg,20250910_004706,c_outer,5,8192,32,0.054443359375,0.9889227741311502,0.9625244140625,"[0.97607421875, 0.9716796875, 0.818603515625, 0.83740234375, 0.896728515625]",4.944613870655751,2025-09-10 00:47:06,116.98333333333333,d30cl2lip27c738idnlg,Phase 7
job-d30cmgqiggks73ctqkgg,20250910_005011,c_central,1,8192,2,0.5174560546875,0.9991206029993308,0.965087890625,[0.965087890625],0.9991206029993308,2025-09-10 00:50:11,120.06666666666666,d30cmgqiggks73ctqkgg,Phase 7
job-d30cmgqiggks73ctqkgg,20250910_005011,c_outer,5,8192,32,0.0535888671875,0.989250575510354,0.962890625,"[0.962158203125, 0.94921875, 0.83203125, 0.845703125, 0.87646484375]",4.946252877551769,2025-09-10 00:50:11,120.06666666666666,d30cmgqiggks73ctqkgg,Phase 7
job-d30cmgqiggks73ctqkgg,20250910_005011,c_middle,5,8192,32,0.039794921875,0.9979291863925336,0.9849853515625,"[0.986328125, 0.907958984375, 0.99755859375, 0.964599609375, 0.984130859375]",4.989645931962668,2025-09-10 00:50:11,120.06666666666666,d30cmgqiggks73ctqkgg,Phase 7
job-d30cmgqiggks73ctqkgg,20250910_005011,c_inner,5,8192,32,0.0404052734375,0.9970911691323652,0.9825439453125,"[0.890380859375, 0.987548828125, 0.978271484375, 0.943359375, 0.9912109375]",4.985455845661826,2025-09-10 00:50:11,120.06666666666666,d30cmgqiggks73ctqkgg,Phase 7
job-d30cnt05l4ds73f0hmjg,20250910_005308,c_central,1,8192,2,0.5155029296875,0.9993064117994096,0.968994140625,[0.968994140625],0.9993064117994096,2025-09-10 00:53:08,123.01666666666667,d30cnt05l4ds73f0hmjg,Post Meditation
job-d30cnt05l4ds73f0hmjg,20250910_005308,c_inner,5,8192,32,0.0386962890625,0.9973114556634765,0.98388671875,"[0.91015625, 0.954345703125, 0.964111328125, 0.999755859375, 0.94921875]",4.986557278317382,2025-09-10 00:53:08,123.01666666666667,d30cnt05l4ds73f0hmjg,Post Meditation
job-d30cnt05l4ds73f0hmjg,20250910_005308,c_middle,5,8192,32,0.036376953125,0.9989414767381408,0.9886474609375,"[0.9833984375, 0.950927734375, 0.982421875, 0.990966796875, 0.96533203125]",4.994707383690704,2025-09-10 00:53:08,123.01666666666667,d30cnt05l4ds73f0hmjg,Post Meditation
job-d30cnt05l4ds73f0hmjg,20250910_005308,c_outer,5,8192,32,0.0555419921875,0.9875094876578652,0.9591064453125,"[0.90966796875, 0.9716796875, 0.83154296875, 0.851806640625, 0.842529296875]",4.937547438289326,2025-09-10 00:53:08,123.01666666666667,d30cnt05l4ds73f0hmjg,Post Meditation
job-d30cp9g5l4ds73f0hnr0,20250910_005606,c_central,1,8192,2,0.525146484375,0.9981746661076496,0.94970703125,[0.94970703125],0.9981746661076496,2025-09-10 00:56:06,125.98333333333333,d30cp9g5l4ds73f0hnr0,Post Meditation
job-d30cp9g5l4ds73f0hnr0,20250910_005606,c_inner,5,8192,32,0.0369873046875,0.9980431730558704,0.9874267578125,"[0.92431640625, 0.961181640625, 0.98779296875, 0.9794921875, 0.96142578125]",4.990215865279351,2025-09-10 00:56:06,125.98333333333333,d30cp9g5l4ds73f0hnr0,Post Meditation
job-d30cp9g5l4ds73f0hnr0,20250910_005606,c_middle,5,8192,32,0.0416259765625,0.9972225246945748,0.9813232421875,"[0.910888671875, 0.921630859375, 0.9814453125, 0.996337890625, 0.96435546875]",4.986112623472874,2025-09-10 00:56:06,125.98333333333333,d30cp9g5l4ds73f0hnr0,Post Meditation
job-d30cp9g5l4ds73f0hnr0,20250910_005606,c_outer,5,8192,32,0.0623779296875,0.971055677824911,0.949462890625,"[0.9775390625, 0.97119140625, 0.625732421875, 0.8408203125, 0.8349609375]",4.855278389124555,2025-09-10 00:56:06,125.98333333333333,d30cp9g5l4ds73f0hnr0,Post Meditation
job-d30cqmlotchc73ba9trg,20250910_005906,c_central,1,8192,2,0.5263671875,0.9979930635696016,0.947265625,[0.947265625],0.9979930635696016,2025-09-10 00:59:06,128.98333333333332,d30cqmlotchc73ba9trg,Post Meditation
job-d30cqmlotchc73ba9trg,20250910_005906,c_inner,5,8192,32,0.0401611328125,0.9978259938136784,0.9854736328125,"[0.89208984375, 0.999267578125, 0.9912109375, 0.968017578125, 0.9970703125]",4.989129969068392,2025-09-10 00:59:06,128.98333333333332,d30cqmlotchc73ba9trg,Post Meditation
job-d30cqmlotchc73ba9trg,20250910_005906,c_middle,5,8192,32,0.038818359375,0.9982526619382456,0.9866943359375,"[0.966552734375, 0.91748046875, 0.991455078125, 0.96435546875, 0.994140625]",4.991263309691227,2025-09-10 00:59:06,128.98333333333332,d30cqmlotchc73ba9trg,Post Meditation
job-d30cqmlotchc73ba9trg,20250910_005906,c_outer,5,8192,32,0.0540771484375,0.9856655858653598,0.961669921875,"[0.951904296875, 0.936279296875, 0.80419921875, 0.825927734375, 0.860107421875]",4.928327929326799,2025-09-10 00:59:06,128.98333333333332,d30cqmlotchc73ba9trg,Post Meditation
job-d30cs3lip27c738idu2g,20250910_010206,c_middle,5,8192,32,0.041015625,0.9979696918768588,0.9842529296875,"[0.931396484375, 0.932373046875, 0.97412109375, 0.978759765625, 0.98583984375]",4.9898484593842936,2025-09-10 01:02:06,131.98333333333332,d30cs3lip27c738idu2g,Post Meditation
job-d30cs3lip27c738idu2g,20250910_010206,c_outer,5,8192,32,0.059326171875,0.9806538039610504,0.9541015625,"[0.9208984375, 0.9326171875, 0.721435546875, 0.8466796875, 0.8662109375]",4.903269019805252,2025-09-10 01:02:06,131.98333333333332,d30cs3lip27c738idu2g,Post Meditation
job-d30cs3lip27c738idu2g,20250910_010206,c_inner,5,8192,32,0.039306640625,0.9967576963187366,0.9837646484375,"[0.87353515625, 0.980712890625, 0.966552734375, 0.975341796875, 0.9970703125]",4.983788481593683,2025-09-10 01:02:06,131.98333333333332,d30cs3lip27c738idu2g,Post Meditation
job-d30cs3lip27c738idu2g,20250910_010206,c_central,1,8192,2,0.519287109375,0.9989263899334694,0.96142578125,[0.96142578125],0.9989263899334694,2025-09-10 01:02:06,131.98333333333332,d30cs3lip27c738idu2g,Post Meditation
job-d30ctg85l4ds73f0hrlg,20250910_010505,c_outer,5,8192,32,0.054931640625,0.9866116464821608,0.9613037109375,"[0.955810546875, 0.962890625, 0.812255859375, 0.86669921875, 0.816650390625]",4.933058232410803,2025-09-10 01:05:05,134.96666666666667,d30ctg85l4ds73f0hrlg,Post Meditation
job-d30ctg85l4ds73f0hrlg,20250910_010505,c_middle,5,8192,32,0.03955078125,0.9980080410096032,0.9859619140625,"[0.93212890625, 0.92236328125, 0.98876953125, 1.0, 0.9912109375]",4.990040205048016,2025-09-10 01:05:05,134.96666666666667,d30ctg85l4ds73f0hrlg,Post Meditation
job-d30ctg85l4ds73f0hrlg,20250910_010505,c_central,1,8192,2,0.52197265625,0.9986064918040908,0.9560546875,[0.9560546875],0.9986064918040908,2025-09-10 01:05:05,134.96666666666667,d30ctg85l4ds73f0hrlg,Post Meditation
job-d30ctg85l4ds73f0hrlg,20250910_010505,c_inner,5,8192,32,0.035888671875,0.9986916694317746,0.9891357421875,"[0.934326171875, 0.9658203125, 0.99169921875, 0.979736328125, 0.98193359375]",4.993458347158873,2025-09-10 01:05:05,134.96666666666667,d30ctg85l4ds73f0hrlg,Post Meditation
job-d30cuttotchc73baa1m0,20250910_010807,c_central,1,8192,2,0.5206298828125,0.998771652221918,0.958740234375,[0.958740234375],0.998771652221918,2025-09-10 01:08:07,138.0,d30cuttotchc73baa1m0,Post Meditation
job-d30cuttotchc73baa1m0,20250910_010807,c_inner,5,8192,32,0.03955078125,0.9978471279992844,0.983154296875,"[0.907958984375, 0.94921875, 0.975341796875, 0.973388671875, 0.97705078125]",4.989235639996422,2025-09-10 01:08:07,138.0,d30cuttotchc73baa1m0,Post Meditation
job-d30cuttotchc73baa1m0,20250910_010807,c_middle,5,8192,32,0.0390625,0.9986182613437734,0.986083984375,"[0.948486328125, 0.938232421875, 0.998779296875, 1.0, 0.9951171875]",4.993091306718867,2025-09-10 01:08:07,138.0,d30cuttotchc73baa1m0,Post Meditation
job-d30cuttotchc73baa1m0,20250910_010807,c_outer,5,8192,32,0.0582275390625,0.9854495475470088,0.958740234375,"[0.951904296875, 0.9765625, 0.76318359375, 0.83544921875, 0.8955078125]",4.927247737735044,2025-09-10 01:08:07,138.0,d30cuttotchc73baa1m0,Post Meditation
job-d30d0alip27c738ie1tg,20250910_011106,c_outer,5,8192,32,0.0521240234375,0.9888993594649276,0.96533203125,"[0.993408203125, 0.945556640625, 0.812744140625, 0.85693359375, 0.8759765625]",4.944496797324637,2025-09-10 01:11:06,140.98333333333332,d30d0alip27c738ie1tg,Post Meditation
job-d30d0alip27c738ie1tg,20250910_011106,c_middle,5,8192,32,0.0379638671875,0.9981628163844612,0.98583984375,"[0.9501953125, 0.9365234375, 0.991943359375, 0.959228515625, 0.99072265625]",4.990814081922306,2025-09-10 01:11:06,140.98333333333332,d30d0alip27c738ie1tg,Post Meditation
job-d30d0alip27c738ie1tg,20250910_011106,c_inner,5,8192,32,0.040283203125,0.9978039134524384,0.9832763671875,"[0.91943359375, 0.94287109375, 0.994384765625, 0.9697265625, 0.98583984375]",4.989019567262192,2025-09-10 01:11:06,140.98333333333332,d30d0alip27c738ie1tg,Post Meditation
job-d30d0alip27c738ie1tg,20250910_011106,c_central,1,8192,2,0.5140380859375,0.9994313076328468,0.971923828125,[0.971923828125],0.9994313076328468,2025-09-10 01:11:06,140.98333333333332,d30d0alip27c738ie1tg,Post Meditation
job-d30d1o5otchc73baa48g,20250910_011408,c_outer,5,8192,32,0.05615234375,0.9862999259551198,0.9599609375,"[0.9853515625, 0.962890625, 0.776611328125, 0.85791015625, 0.868896484375]",4.931499629775599,2025-09-10 01:14:08,144.01666666666668,d30d1o5otchc73baa48g,Post Meditation
job-d30d1o5otchc73baa48g,20250910_011408,c_middle,5,8192,32,0.0400390625,0.9975979922635052,0.9820556640625,"[0.91552734375, 0.933349609375, 0.9931640625, 0.976806640625, 0.98291015625]",4.987989961317527,2025-09-10 01:14:08,144.01666666666668,d30d1o5otchc73baa48g,Post Meditation
job-d30d1o5otchc73baa48g,20250910_011408,c_inner,5,8192,32,0.036376953125,0.9984394942357806,0.9886474609375,"[0.926025390625, 0.96240234375, 0.99365234375, 0.978759765625, 0.976806640625]",4.992197471178903,2025-09-10 01:14:08,144.01666666666668,d30d1o5otchc73baa48g,Post Meditation
job-d30d1o5otchc73baa48g,20250910_011408,c_central,1,8192,2,0.52734375,0.997841572999656,0.9453125,[0.9453125],0.997841572999656,2025-09-10 01:14:08,144.01666666666668,d30d1o5otchc73baa48g,Post Meditation
job-d30d34tip27c738ie4eg,20250910_011707,c_central,1,8192,2,0.53173828125,0.9970915381957524,0.9365234375,[0.9365234375],0.9970915381957524,2025-09-10 01:17:07,147.0,d30d34tip27c738ie4eg,Post Meditation
job-d30d34tip27c738ie4eg,20250910_011707,c_inner,5,8192,32,0.0389404296875,0.9978168466741396,0.98388671875,"[0.920654296875, 0.931884765625, 0.972900390625, 0.981201171875, 0.9736328125]",4.989084233370698,2025-09-10 01:17:07,147.0,d30d34tip27c738ie4eg,Post Meditation
job-d30d34tip27c738ie4eg,20250910_011707,c_middle,5,8192,32,0.0391845703125,0.9970582023142164,0.9844970703125,"[0.888916015625, 0.93701171875, 0.995361328125, 0.97216796875, 0.9794921875]",4.985291011571081,2025-09-10 01:17:07,147.0,d30d34tip27c738ie4eg,Post Meditation
job-d30d34tip27c738ie4eg,20250910_011707,c_outer,5,8192,32,0.051025390625,0.9873528016463008,0.9658203125,"[0.961181640625, 0.998046875, 0.7841796875, 0.85205078125, 0.87744140625]",4.936764008231504,2025-09-10 01:17:07,147.0,d30d34tip27c738ie4eg,Post Meditation
job-d30d4hlotchc73baa6ng,20250910_012006,c_middle,5,8192,32,0.0384521484375,0.9979312776214524,0.9871826171875,"[0.9228515625, 0.930419921875, 0.98779296875, 0.978515625, 0.990966796875]",4.989656388107262,2025-09-10 01:20:06,149.98333333333332,d30d4hlotchc73baa6ng,Post Meditation
job-d30d4hlotchc73baa6ng,20250910_012006,c_outer,5,8192,32,0.0577392578125,0.9857251453652108,0.9586181640625,"[0.96826171875, 0.95068359375, 0.831298828125, 0.854248046875, 0.798095703125]",4.928625726826055,2025-09-10 01:20:06,149.98333333333332,d30d4hlotchc73baa6ng,Post Meditation
job-d30d4hlotchc73baa6ng,20250910_012006,c_central,1,8192,2,0.5242919921875,0.9982966582956956,0.951416015625,[0.951416015625],0.9982966582956956,2025-09-10 01:20:06,149.98333333333332,d30d4hlotchc73baa6ng,Post Meditation
job-d30d4hlotchc73baa6ng,20250910_012006,c_inner,5,8192,32,0.037841796875,0.9975551675058872,0.9852294921875,"[0.904052734375, 0.963134765625, 0.983154296875, 0.98388671875, 0.954345703125]",4.987775837529436,2025-09-10 01:20:06,149.98333333333332,d30d4hlotchc73baa6ng,Post Meditation
job-d30d5ulotchc73baa7v0,20250910_012306,c_inner,5,8192,32,0.0386962890625,0.9980641569713204,0.9873046875,"[0.896484375, 0.98876953125, 0.985107421875, 0.9853515625, 0.98046875]",4.990320784856602,2025-09-10 01:23:06,152.98333333333332,d30d5ulotchc73baa7v0,Post Meditation
job-d30d5ulotchc73baa7v0,20250910_012306,c_central,1,8192,2,0.5361328125,0.996229606306102,0.927734375,[0.927734375],0.996229606306102,2025-09-10 01:23:06,152.98333333333332,d30d5ulotchc73baa7v0,Post Meditation
job-d30d5ulotchc73baa7v0,20250910_012306,c_middle,5,8192,32,0.0369873046875,0.9981240982298571,0.9873046875,"[0.919189453125, 0.9521484375, 0.991455078125, 0.974365234375, 0.991943359375]",4.990620491149286,2025-09-10 01:23:06,152.98333333333332,d30d5ulotchc73baa7v0,Post Meditation
job-d30d5ulotchc73baa7v0,20250910_012306,c_outer,5,8192,32,0.0521240234375,0.9899203434959544,0.963623046875,"[0.942626953125, 0.976806640625, 0.853515625, 0.838623046875, 0.87646484375]",4.949601717479771,2025-09-10 01:23:06,152.98333333333332,d30d5ulotchc73baa7v0,Post Meditation
job-d30d7cqiggks73ctr3l0,20250910_012611,c_central,1,8192,2,0.540283203125,0.9953126937851,0.91943359375,[0.91943359375],0.9953126937851,2025-09-10 01:26:11,156.06666666666666,d30d7cqiggks73ctr3l0,Post Meditation
job-d30d7cqiggks73ctr3l0,20250910_012611,c_inner,5,8192,32,0.0386962890625,0.997474162290929,0.984375,"[0.8974609375, 0.97021484375, 0.970458984375, 0.98828125, 0.97705078125]",4.987370811454645,2025-09-10 01:26:11,156.06666666666666,d30d7cqiggks73ctr3l0,Post Meditation
job-d30d7cqiggks73ctr3l0,20250910_012611,c_middle,5,8192,32,0.038330078125,0.997751476993967,0.9854736328125,"[0.9267578125, 0.9306640625, 0.985595703125, 0.976318359375, 0.955322265625]",4.988757384969835,2025-09-10 01:26:11,156.06666666666666,d30d7cqiggks73ctr3l0,Post Meditation
job-d30d7cqiggks73ctr3l0,20250910_012611,c_outer,5,8192,32,0.0577392578125,0.9845508440679314,0.9578857421875,"[0.955322265625, 0.902099609375, 0.863525390625, 0.85302734375, 0.774658203125]",4.922754220339657,2025-09-10 01:26:11,156.06666666666666,d30d7cqiggks73ctr3l0,Post Meditation
job-d30d8p5otchc73baaagg,20250910_012908,c_middle,5,8192,32,0.037353515625,0.9987209051347412,0.9874267578125,"[0.9814453125, 0.941162109375, 0.9697265625, 0.9658203125, 0.9951171875]",4.993604525673706,2025-09-10 01:29:08,159.01666666666668,d30d8p5otchc73baaagg,Post Meditation
job-d30d8p5otchc73baaagg,20250910_012908,c_central,1,8192,2,0.540283203125,0.9953126937851,0.91943359375,[0.91943359375],0.9953126937851,2025-09-10 01:29:08,159.01666666666668,d30d8p5otchc73baaagg,Post Meditation
job-d30d8p5otchc73baaagg,20250910_012908,c_outer,5,8192,32,0.0489501953125,0.991803566651434,0.9696044921875,"[0.981689453125, 0.976318359375, 0.865234375, 0.861328125, 0.881103515625]",4.959017833257169,2025-09-10 01:29:08,159.01666666666668,d30d8p5otchc73baaagg,Post Meditation
job-d30d8p5otchc73baaagg,20250910_012908,c_inner,5,8192,32,0.0374755859375,0.9983170958445632,0.98583984375,"[0.928955078125, 0.966552734375, 0.98193359375, 0.996337890625, 0.958984375]",4.991585479222816,2025-09-10 01:29:08,159.01666666666668,d30d8p5otchc73baaagg,Post Meditation
